Sample.ID,Source,Distance_from_Shore,Max_Depth,Sample Season,Location,Day_Night,Collection_Habitat,Ala15N,Ala15N_sd,Gly15N,Gly15N_sd,Thr15N,Thr15N_sd,Ser15N,Ser15N_sd,Val15N,Val15N_sd,Leu15N,Leu15N_sd,Ile15N,Ile15N_sd,Pro15N,Pro15N_sd,Asp15N,Asp15N_sd,Glu15N,Glu15N_sd,Phe15N,Phe15N_sd,Lys15N,Lys15N_sd,Ala13C,Ala13C_sd,Gly13C,Gly13C_sd,Thr13C,Thr13C_sd,Ser13C,Ser13C_sd,Val13C,Val13C_sd,Leu13C,Leu13C_sd,Ile13C,Ile13C_sd,Pro13C,Pro13C_sd,Asp13C,Asp13C_sd,Glu13C,Glu13C_sd,Phe13C,Phe13C_sd,Tyr13C,Tyr13C_sd,Lys13C,Lys13C_sd
"Kona, A, Night, 0 -150",Stoner-Osborne 2026,1.5,25,Winter 2023,Kona,Night,Offshore Surface,15.53,0.29,3.73,0.17,-10.94,0.7,3.55,0.49,14.31,0.85,9.66,0.58,14.71,0.16,11.42,0.19,12.38,0.55,14.63,0.26,1.77,0.94,1.03,0.16,-16.44,0.33,-9.54,0.39,-15.69,0.14,-5.04,0.59,-23.12,0.16,-25.63,0.08,-18.02,0.54,-16.45,0.32,-18.49,0.09,-15.92,0.28,-25.52,0.25,-25.73,0.32,-23.63,0.79
"Kona, B, Night, 0-150",Stoner-Osborne 2026,3,50,Winter 2023,Kona,Night,Offshore Surface,15.37,0.2,3.67,0.48,-12.27,0.72,2.1,0.96,11.96,0.49,8.52,0.42,11.5,0.6,7.71,0.09,10.58,0.54,13.77,0.78,1.14,0.3,0.74,0.45,-17.23,0.17,-11.06,0.34,-13.25,0.08,-5.94,1.51,-23.29,0.48,-26.31,0.13,-19.16,0.56,-17.22,0.37,-19.42,0.5,-17.78,0.15,-25.71,0.45,-25.49,0.44,-21.87,0.73
"Kona, C, Night, 0-150",Stoner-Osborne 2026,28,100,Winter 2023,Kona,Night,Offshore Surface,14.88,0.17,3.53,0.04,-10.21,0.47,2.9,0.2,11.98,0.39,8.39,0.18,11.07,0.4,7.4,0.16,9.37,0.11,13.6,0.27,0.95,0.18,0.06,0.33,-17.94,0.19,-11.63,0.46,-14.77,0.45,-6.26,0.71,-22.92,0.32,-26.35,0.09,-18.7,0.48,-17.01,0.27,-19.84,0.21,-17.78,0.26,-25.68,0.55,-23.68,0.33,-20.29,0.68
"Kona, Reef, 7-8PM",Stoner-Osborne 2026,0.5,3,Winter 2023,Kona,Night,Reef,15.48,0.62,3.45,0.27,-7.12,1.01,5.16,0.8,11.01,0.34,10.38,0.26,15.66,0.7,12.18,0.6,12.53,0.64,15.5,0.82,3.65,1.23,1.92,0.83,-17.05,0.47,-9.89,0.41,-13.44,0.3,-7.65,0.11,-21.35,0.33,-25.01,0.13,-15.8,0.21,-16.08,0.02,-16.69,0.33,-16.26,0.26,-24.51,0.51,-22.85,0.17,-18.3,0.72
"Kona, Reef, 12-1 AM",Stoner-Osborne 2026,0.5,3,Winter 2023,Kona,Night,Reef,15.92,0.73,4.39,0.39,-6.76,0.78,5.66,0.23,10.87,0.81,10.66,0.31,15.07,0.91,12.96,0.25,12.18,0.34,15.5,0.26,3.16,0.72,3.07,0.38,-16.43,0.34,-9.29,0.89,-12.98,0.22,-6.18,1.4,-19.01,0.22,-24.13,0.19,-14.92,0.85,-15.88,0.08,-18.71,0.94,-16.17,0.19,-23.71,0.67,-24.61,0.58,-21.94,0.69
EB1,Stoner-Osborne 2026,0.5,3,Fall 2022,Oahu,Night,Reef,NA,NA,NA,NA,NA,NA,NA,NA,NA,NA,NA,NA,NA,NA,NA,NA,NA,NA,NA,NA,NA,NA,NA,NA,-10.21,1.42,-6.35,1.45,-12.88,1.17,-7.92,0.92,-19.77,0.96,-26.86,1.01,-17.84,1.02,-16.69,0.81,-16.01,0.1,-16.42,0.7,-25.08,0.68,-26.6,0.99,-18.91,0.27
EB2,Stoner-Osborne 2026,0.5,3,Fall 2022,Oahu,Night,Reef,13.96,0.39,4.05,0.19,-6.51,0.57,4.48,0.13,9.46,0.12,7.86,0.19,9.76,0.56,8.81,0.16,9,0.13,11.97,0.1,0.19,0.04,0.85,0.17,-12.46,0.68,-8.6,0.63,-15.52,0.72,-8.46,0.82,-21.48,0.81,-27.22,0.34,-18.54,0.89,-17.36,0.4,-17.67,0.34,-17.16,0.3,-25.64,0.15,-23.64,0.37,-17.46,0.23
3T2,Stoner-Osborne 2026,0.5,3,Fall 2022,Oahu,Night,Reef,11.86,0.54,2.82,0.31,-5.43,0.75,3.88,0.73,9.5,0.27,8.57,0.14,9.69,0.69,9.29,0.41,9.22,0.39,10.96,0.19,1.59,0.7,2.15,0.47,-15.97,0.31,-12.1,0.37,-12.3,0.66,-4.87,0.19,-21.87,0.49,-23.59,0.15,-17.5,0.33,-15.34,0.34,-16.33,0.06,-13.8,0.27,-22.54,0.25,-22.8,0.09,-17.42,0.26
3T1,Stoner-Osborne 2026,0.5,3,Fall 2022,Oahu,Night,Reef,13.3,0.22,3.43,0.65,-5.56,0.99,0.94,0.52,5.91,1.09,8.84,0.25,10.53,0.4,9.39,0.54,8.95,0.97,11.48,1.07,2.02,1.08,1.33,0.78,-18,0.89,-12.25,0.63,-10.23,0.88,2.55,0.88,-22.35,0.27,-23.12,0.34,-17.33,0.8,-15.98,0.61,-14.22,0.51,-10,0.58,-20.74,0.13,-24.99,0.43,-16.19,0.73
MP3,Stoner-Osborne 2026,0.5,3,Fall 2022,Oahu,Night,Reef,10.62,0.34,3.29,0.19,-7.81,1.07,2.55,0.71,9.37,0.2,5.7,0.38,8.14,0.44,9.16,0.78,6.41,0.73,7.59,0.47,1.88,0.77,0.47,0.38,-18.38,0.13,-12.34,0.28,-14.12,0.43,-7.77,1.71,-21.57,0.47,-23.04,0.27,-17.82,0.57,-16.58,0.27,-17.33,0.17,-14.5,0.3,-20.33,0.4,-22.13,0.1,-16.68,0.55
KNS 1-1,Stoner-Osborne 2026,0.5,3,Fall 2022,Kona,Night,Reef,12.65,0.33,2.8,0.26,-10.04,0.35,3.43,0.47,11.2,0.61,9.09,0.38,10.71,0.44,10.27,0.4,10.9,0.29,13.75,0.39,0.77,0.65,-0.02,0.39,-15.99,0.95,-11.15,0.97,-12.37,0.68,-6.37,0.19,-22.02,0.11,-23.13,0.13,-17.4,0.26,-14.5,0.03,-15.01,0.36,-12.39,0.14,-22.95,0.22,-23.92,0.32,-17.85,0.14
KNS 1-2,Stoner-Osborne 2026,0.5,3,Fall 2022,Kona,Night,Reef,14.02,0.68,2.51,0.31,-9.51,0.1,3.29,0.51,9.66,0.92,8.67,0.61,10.92,0.9,9.89,0.7,9.15,0.8,12.98,0.4,1.27,0.88,-0.08,0.39,-15.14,0.28,-12.3,1.03,-14.71,0.82,-5.11,0.76,-21.45,0.28,-25.98,0.26,-19.97,0.15,-15.62,0.19,-16.57,0.62,-13.68,0.14,-23.7,0.3,-23.4,0.36,-18.45,0.23
KOS 3-1,Stoner-Osborne 2026,20,100,Fall 2022,Kona,Night,Offshore Surface,13.89,0.26,0.72,0.26,-12.29,0.5,2.53,0.5,9.58,0.56,8.08,0.17,9.85,0.89,7.25,0.4,9.26,0.36,13.16,0.39,-1.58,0.46,-0.74,0.71,-16.2,0.3,-9.82,0.39,-13.7,0.23,-6.68,0.05,-23.21,0.49,-26.3,0.05,-19.4,0.22,-17.08,0.2,-17.17,0.11,-14.75,0.54,-24.86,0.26,-24.05,0.44,-17.94,0.16
KOS 3-2,Stoner-Osborne 2026,20,100,Fall 2022,Kona,Night,Offshore Surface,12.86,0.46,1.9,0.28,-7.24,0.84,2.14,0.31,6.3,0.42,6.9,0.39,9.12,0.11,6.67,0.03,8.16,0.32,10.27,0.28,-1.54,0.09,-2.15,0.6,-16.79,0.06,-11.02,0.31,-13.68,0.23,-4.42,0.23,-22.95,0.74,-25.56,0.06,-18.51,0.4,-16.48,0.15,-16.24,0.53,-14.85,0.07,-25.3,0.51,-24.07,0.24,-17.81,0.2
KOS 4-1,Stoner-Osborne 2026,35,100,Fall 2022,Kona,Night,Offshore Surface,13.45,0.26,0.36,0.31,-11.38,0.67,1.26,0.56,6.36,0.05,6.96,0.29,9.95,0.2,6.4,0.29,9.06,0.33,11.83,0.61,-2.65,0.6,-2.07,0.15,-16.22,0.48,-9.68,0.32,-13.73,0.26,-3.71,0.52,-21.71,0.56,-25.59,0.44,-19.74,0.08,-17.15,0.23,-16.12,0.42,-14.72,0.31,-26.16,0.5,-24.07,0.25,-17.07,0.35
KOS 4-2,Stoner-Osborne 2026,35,100,Fall 2022,Kona,Night,Offshore Surface,11.83,0.08,1.39,0.18,-8.63,0.35,1.67,0.1,7.08,0.73,6.49,0.16,9.62,0.07,5.83,0.27,8.02,0.05,10.83,0.09,-1.96,0.31,-2.44,0.15,-17.05,0.51,-13.17,0.8,-15,0.18,-7.26,0.33,-23.35,0.79,-27.24,0.53,-20.28,0.81,-17.41,0.28,-17.09,0.81,-14.27,0.41,-24.66,0.84,-23.94,0.21,-16.92,0.12
KOS 5-1,Stoner-Osborne 2026,50,100,Fall 2022,Kona,Night,Offshore Surface,11.55,0.1,-0.42,0.07,-11.05,0.47,0.85,0.25,8.13,0.24,6.59,0.11,8.36,0.26,5.68,0.07,7.65,0.12,10.86,0.24,-1.82,0.33,-2.94,0.34,-16.76,0.52,-13.69,0.28,-15.28,0.68,-7.06,0.69,-24.2,0.52,-26.39,0.11,-20.83,0.41,-16.36,0.03,-17.25,0.44,-13.61,0.08,-23.86,0.15,-23.32,0.19,-17.46,0.25
KOS 5-2,Stoner-Osborne 2026,50,100,Fall 2022,Kona,Night,Offshore Surface,11.76,0.04,1.43,0.25,-6.4,0.24,2.72,0.13,7.21,0.3,6.38,0.25,8.65,0.1,7.66,0.83,8.96,0.01,11.61,0.27,-1.77,0.31,-2.78,0.2,-15.98,0.14,-11.74,0.36,-13.57,0.12,-6.74,0.45,-23.18,0.09,-26.19,0.06,-19.63,0.35,-16.91,0.95,-18.42,0.77,-14.01,0.47,-25.26,0.35,-23.42,0.36,-15.82,0.36
ALOHA_50_100_0.2_Day,Hannides 2013,100,100,Summer 2011,ALOHA,Night,Offshore Surface,8.5,0.6,1,0.3,-10.1,0.1,0.3,0.2,8.1,0.7,5.9,0.5,6.1,0.9,5.1,0.3,5.7,0.2,9,0.1,-3,0.2,-0.9,0.2,-16.5,0.7,-11.7,0.9,-12.4,0.6,-6.9,0.5,-22.8,0.9,-25.4,0.3,-18.7,1,-15.2,1,-16.9,0.9,-15.5,0.7,-25.5,0.8,-24.1,0.9,-16.2,0.5
ALOHA_50_100_0.5_Day,Hannides 2013,100,100,Summer 2011,ALOHA,Day,Offshore Surface,12.4,0.5,3.9,0.1,-9.2,0.6,1.9,0.9,8.3,0.6,7.2,0.5,7.7,0.4,6.8,0.3,7.5,0.2,10.5,0.1,-2,0.1,0.4,0.3,-16,0.2,-11,0.9,-11.4,0.4,-7,1,-23.5,0.3,-25.4,0.1,-17.2,0.8,-15.5,0.6,-18,0.9,-16.7,0.3,-27.1,0.5,-23.7,0.7,-17.1,0.4
ALOHA_300_500_0.5_Day,Hannides 2013,100,500,Summer 2011,ALOHA,Day,Offshore Deep,15.5,0.4,3.4,0.3,-13.5,0.2,3.7,0.4,11.8,0.2,9.7,0.3,11,0.2,10,0.1,10.1,0.1,14.2,0.3,-1,0.2,1.1,0.2,-17.8,0.5,-10,0.7,-13.2,0.4,-8.7,0.3,-24.7,0.5,-26.4,0.3,-17.7,0.5,-16.5,0.8,-19.5,0.3,-18.3,0.2,-28.3,0.3,-24.1,1,-18.7,0.7
ALOHA_700_1000_0.5_Day,Hannides 2013,100,1000,Summer 2011,ALOHA,Day,Offshore Deep,18.8,0.2,6.7,0.1,-17.2,0.6,6.8,0.5,17.4,0.5,15.4,0.3,16.4,0.4,15.5,0.5,14.6,0.1,19.1,0.3,1.1,0.6,3.7,0.2,-17.1,0.9,-6.8,1,-10.6,0.2,-5.1,0.5,-23.2,0.6,-24.8,0.2,-17.7,0.7,-14.3,0.5,-17,1,-15.5,0.6,-26.3,0.4,-21.8,0.8,-17.7,0.9
ALOHA_50_100_2.0_Day,Hannides 2013,100,100,Summer 2011,ALOHA,Day,Offshore Surface,13.6,0.2,0.7,0.5,-13.6,0.3,2.1,0.7,10.5,0.4,8.9,0.5,9,0.5,7.1,0.8,8.8,0.3,12.5,0.4,-2.5,0.5,0.2,0.3,-14.5,0.3,-6.6,0.8,-10.7,0.7,-2.9,0.9,-22.5,0.7,-24.7,0.2,-17.4,1,-14.3,0.4,-15.6,0.6,-13.6,0.6,-25.1,0.3,-25.3,0.7,-15.4,0.4
ALOHA_50_100_0.5_Night,Hannides 2013,100,100,Summer 2011,ALOHA,Night,Offshore Surface,11.2,0.3,2,0.3,-11,0.8,1.6,0.4,8.3,0.2,6.4,0.5,7.3,0.8,7.3,0.2,7.8,0.4,11.3,0.2,-2,0.4,-0.1,0.2,-16.4,0.2,-14,0.7,-14,0.7,-8.8,0.5,-24.2,0.8,-25.5,0.2,-19.3,0.5,-15.3,0.4,-15.8,0.2,-13.6,0.8,-24.6,0.4,-24.1,0.6,-17.9,0.3
ALOHA_300_500_0.5_Night,Hannides 2013,100,500,Summer 2011,ALOHA,Night,Offshore Deep,16.4,0.2,3.7,0.3,-16,0.3,5,0.8,13.7,0.3,12.2,0.2,13.3,0.1,11.6,0.2,11.1,0.6,16,0.5,-0.9,0.5,1.3,0.5,-18.3,0.4,-8.8,0.6,-14.1,0.7,-6.9,0.4,-24.4,0.6,-26.1,0.2,-19,0.8,-15.7,0.2,-18.3,0.6,-16.5,0.2,-26.7,0.3,-24.4,0.9,-18.4,0.8
ALOHA_700_1000_0.5_Night,Hannides 2013,100,1000,Summer 2011,ALOHA,Night,Offshore Deep,16.2,0.4,4.5,0.6,-16.4,1,6.5,0.7,15.6,0.6,13.1,0.5,15,0.2,14.6,0.3,12.8,0.2,17.1,0.3,-0.1,0.6,2.8,0.5,-17.5,0.3,-11.9,0.6,-11.3,0.5,-4,0.6,-24.4,0.2,-25.3,0.3,-18.9,0.9,-14.7,0.2,-15.2,0.2,-13,0.2,-25.1,0.6,-24.2,0.3,-17.5,0.5
ALOHA_300_500_0.2_Day,Hannides 2013,100,500,Summer 2011,ALOHA,Day,Offshore Deep,17.4,0.8,5.5,0.4,-11.6,0.9,3.5,0.9,11.7,0.7,11.8,0.7,14.2,0.2,10.4,0.3,10.2,0.3,15.4,0.3,-0.5,0.5,1.4,0.4,NA,NA,NA,NA,NA,NA,NA,NA,NA,NA,NA,NA,NA,NA,NA,NA,NA,NA,NA,NA,NA,NA,NA,NA,NA,NA
ALOHA_700_1000_0.2_Day,Hannides 2013,100,1000,Summer 2011,ALOHA,Day,Offshore Deep,17.8,0.3,6.8,0.3,-14.3,0.2,7,0.7,17,0.2,15.8,0.2,16.5,0.3,15.3,0.3,14.4,0.1,18.2,0.2,0.9,0.6,3.3,0.3,NA,NA,NA,NA,NA,NA,NA,NA,NA,NA,NA,NA,NA,NA,NA,NA,NA,NA,NA,NA,NA,NA,NA,NA,NA,NA
ALOHA_50_100_1.0_Day,Hannides 2013,100,100,Summer 2011,ALOHA,Day,Offshore Surface,11.6,0.4,2.1,0.2,-10.7,0.5,1.4,0.6,7.3,0.5,6.6,0.2,7.6,0.8,6.8,0.6,7.2,0.5,10.3,0.3,-2.3,0.3,-0.1,0.1,NA,NA,NA,NA,NA,NA,NA,NA,NA,NA,NA,NA,NA,NA,NA,NA,NA,NA,NA,NA,NA,NA,NA,NA,NA,NA
ALOHA_300_500_1.0_Day,Hannides 2013,100,500,Summer 2011,ALOHA,Day,Offshore Deep,13.1,0.5,1.4,0.2,-12.6,0.7,1.4,0.1,10.4,0.4,8.3,0.2,8.6,0.6,7.8,0.8,8.5,0.3,12.3,0.1,-1.4,0.4,0.4,0.1,NA,NA,NA,NA,NA,NA,NA,NA,NA,NA,NA,NA,NA,NA,NA,NA,NA,NA,NA,NA,NA,NA,NA,NA,NA,NA
ALOHA_700_1000_1.0_Day,Hannides 2013,100,1000,Summer 2011,ALOHA,Day,Offshore Deep,19.6,0.4,5.5,0.2,-18,0.3,6,0.2,16.8,1,15.4,0.4,16.7,0.5,16.8,2.3,15.2,0.2,19.8,0.2,1.4,0.8,2.7,0.2,NA,NA,NA,NA,NA,NA,NA,NA,NA,NA,NA,NA,NA,NA,NA,NA,NA,NA,NA,NA,NA,NA,NA,NA,NA,NA
ALOHA_50_100_0.2_Night,Hannides 2013,100,100,Summer 2011,ALOHA,Night,Offshore Surface,7.8,0.5,1.1,0.9,-11.5,0.7,-0.3,0.7,7,0.8,5.6,0.4,6,0.3,5.2,0.8,5.8,0.5,9.5,0.4,-2.4,0.5,0.1,0.4,NA,NA,NA,NA,NA,NA,NA,NA,NA,NA,NA,NA,NA,NA,NA,NA,NA,NA,NA,NA,NA,NA,NA,NA,NA,NA
ALOHA_300_500_0.2_Night,Hannides 2013,100,500,Summer 2011,ALOHA,Night,Offshore Deep,15,0.6,4.7,0.7,-14.2,0.4,3.5,0.8,12.8,0.8,11.2,0.3,12.3,0.3,11.8,0.6,10.5,0.6,14.9,0.4,-0.9,0.6,0.9,0.9,NA,NA,NA,NA,NA,NA,NA,NA,NA,NA,NA,NA,NA,NA,NA,NA,NA,NA,NA,NA,NA,NA,NA,NA,NA,NA
ALOHA_700_1000_0.2_Night,Hannides 2013,100,1000,Summer 2011,ALOHA,Night,Offshore Deep,17.1,0.6,6.1,0.7,-10.9,0.7,6.1,0.5,15.8,0.3,12.9,0.9,13.6,0.4,14,0.4,12.1,0.2,15.9,0.2,-0.3,0.7,3.3,0.6,NA,NA,NA,NA,NA,NA,NA,NA,NA,NA,NA,NA,NA,NA,NA,NA,NA,NA,NA,NA,NA,NA,NA,NA,NA,NA
ALOHA_50_100_1.0_Night,Hannides 2013,100,100,Summer 2011,ALOHA,Night,Offshore Surface,12.5,0.7,2.6,0.8,-11.5,0.7,0.9,1,9,0.8,7,0.6,8.7,0.4,6.7,0.2,8.3,0.3,12,0.2,-2.3,0.4,-0.6,0.04,NA,NA,NA,NA,NA,NA,NA,NA,NA,NA,NA,NA,NA,NA,NA,NA,NA,NA,NA,NA,NA,NA,NA,NA,NA,NA
ALOHA_300_500_1.0_Night,Hannides 2013,100,500,Summer 2011,ALOHA,Night,Offshore Deep,19.8,0.2,5.1,0.1,-16.5,0.8,5.3,0.5,15.2,0.8,14.2,0.5,14.7,0.8,13.2,0.4,13.3,0.1,18.6,0.2,-0.4,0.3,1.9,0.6,NA,NA,NA,NA,NA,NA,NA,NA,NA,NA,NA,NA,NA,NA,NA,NA,NA,NA,NA,NA,NA,NA,NA,NA,NA,NA
ALOHA_700_1000_1.0_Night,Hannides 2013,100,1000,Summer 2011,ALOHA,Night,Offshore Deep,17.5,0.6,4.5,0.6,-16.9,0.7,6.3,0.8,15.8,0.7,12.8,0.4,15,0.8,14.4,0.5,13.6,0.1,18.9,0.2,0.6,0.8,2.8,0.7,NA,NA,NA,NA,NA,NA,NA,NA,NA,NA,NA,NA,NA,NA,NA,NA,NA,NA,NA,NA,NA,NA,NA,NA,NA,NA
Mixed 1,Hannides 2009,100,160,Winter 2000,ALOHA,Night,Offshore Surface,15.8,0.6,3.3,0.2,-11.2,0.5,1.5,0.7,9.5,1.8,10.7,0.8,11,0.9,9.7,0.2,13.2,0.7,14,0.3,0.1,0.6,NA,NA,NA,NA,NA,NA,NA,NA,NA,NA,NA,NA,NA,NA,NA,NA,NA,NA,NA,NA,NA,NA,NA,NA,NA,NA,NA,NA
Mixed 2,Hannides 2009,100,160,Summer 2000,ALOHA,Night,Offshore Surface,12.4,0.2,-0.7,0.3,-13.1,0.2,-0.7,0.1,8,0.3,8.2,0.3,8.3,0.3,7.4,0.2,9.8,0.6,11.5,0.5,-3.1,0.6,NA,NA,NA,NA,NA,NA,NA,NA,NA,NA,NA,NA,NA,NA,NA,NA,NA,NA,NA,NA,NA,NA,NA,NA,NA,NA,NA,NA
Mixed 3,Hannides 2009,100,160,Winter 2005,ALOHA,Night,Offshore Surface,16.4,0.5,5.2,0.4,-9,0.8,4.3,1,11.7,1.4,11,0.4,12.4,0.5,9.7,0.5,15.7,0.7,16,0.6,-0.4,0.3,NA,NA,NA,NA,NA,NA,NA,NA,NA,NA,NA,NA,NA,NA,NA,NA,NA,NA,NA,NA,NA,NA,NA,NA,NA,NA,NA,NA
KM1407 T2 N9 S0.2 re,Hannides 2020,100,50,Winter 2014,ALOHA,Day,Offshore Surface,9.25,0.14,0.63,0.15,-10.39,0.31,1.96,0.3,9.13,0.52,5.12,0.13,5.62,0.56,4.4,0.2,6.05,0.12,8.53,0.08,-3.43,0.49,-1.36,0.13,NA,NA,NA,NA,NA,NA,NA,NA,NA,NA,NA,NA,NA,NA,NA,NA,NA,NA,NA,NA,NA,NA,NA,NA,NA,NA
KM1407 T5 N9 S0.2,Hannides 2020,100,50,Winter 2014,ALOHA,Day,Offshore Surface,8.53,0.43,2.15,0.26,-11.48,0.6,2.35,0.46,8.14,0.26,4.34,0.44,4.95,0.58,4.18,0.28,6.14,0.46,8.73,0.51,-4.07,0.42,-2.13,0.62,NA,NA,NA,NA,NA,NA,NA,NA,NA,NA,NA,NA,NA,NA,NA,NA,NA,NA,NA,NA,NA,NA,NA,NA,NA,NA
KM1407 T2 N9 S1,Hannides 2020,100,50,Winter 2014,ALOHA,Day,Offshore Surface,12.11,0.19,2.58,0.44,-11.83,0.68,2.21,0.74,10.07,0.9,6.92,0.43,8.05,0.56,6.49,0.51,7.98,0.27,10.27,0.21,-3.8,0.63,-2.19,0.39,NA,NA,NA,NA,NA,NA,NA,NA,NA,NA,NA,NA,NA,NA,NA,NA,NA,NA,NA,NA,NA,NA,NA,NA,NA,NA
KM1407 T5 N9 S1,Hannides 2020,100,50,Winter 2014,ALOHA,Day,Offshore Surface,12.7,0.22,2.63,0.23,-12.68,0.31,2.57,0.42,9.84,0.28,6.88,0.09,8.39,0.64,6.61,0.16,8.9,0.2,11.68,0.28,-4.36,0.6,-2.2,0.38,NA,NA,NA,NA,NA,NA,NA,NA,NA,NA,NA,NA,NA,NA,NA,NA,NA,NA,NA,NA,NA,NA,NA,NA,NA,NA
KM1407 T2 N7 S0.2,Hannides 2020,100,150,Winter 2014,ALOHA,Day,Offshore Surface,10.65,0.66,1.13,0.5,-12.7,0.72,2.38,0.69,10.91,0.51,7.97,0.15,9.08,0.31,7.09,0.33,8.16,0.07,12.35,0.5,-3.76,0.69,-1.52,0.47,NA,NA,NA,NA,NA,NA,NA,NA,NA,NA,NA,NA,NA,NA,NA,NA,NA,NA,NA,NA,NA,NA,NA,NA,NA,NA
KM1407 T5 N7 S0.2,Hannides 2020,100,150,Winter 2014,ALOHA,Day,Offshore Surface,10.88,0.08,2.33,0.29,-12.57,0.6,2.19,0.54,9.8,0.66,7.94,0.25,8.49,0.68,7.55,0.49,8.55,0.18,12.62,0.25,-3.46,0.35,-1.11,0.4,NA,NA,NA,NA,NA,NA,NA,NA,NA,NA,NA,NA,NA,NA,NA,NA,NA,NA,NA,NA,NA,NA,NA,NA,NA,NA
KM1407 T2 N7 S1,Hannides 2020,100,150,Winter 2014,ALOHA,Day,Offshore Surface,13.92,0.17,0.97,0.52,-15.49,0.28,2.74,0.12,11.87,0.45,10.08,0.08,11.4,0.11,8.57,0.1,9.36,0.05,13.48,0.26,-3.37,0.45,-0.77,0.2,NA,NA,NA,NA,NA,NA,NA,NA,NA,NA,NA,NA,NA,NA,NA,NA,NA,NA,NA,NA,NA,NA,NA,NA,NA,NA
KM1407 T5 N7 S1,Hannides 2020,100,150,Winter 2014,ALOHA,Day,Offshore Surface,14.02,0.34,1.28,0.05,-14.93,0.67,2.6,0.23,11.68,0.57,10.05,0.38,10.24,0.2,8.28,0.19,9.69,0.06,13.26,0.17,-3.55,0.43,-0.79,0.41,NA,NA,NA,NA,NA,NA,NA,NA,NA,NA,NA,NA,NA,NA,NA,NA,NA,NA,NA,NA,NA,NA,NA,NA,NA,NA
KM1407 T2 N4 S0.2,Hannides 2020,100,500,Winter 2014,ALOHA,Day,Offshore Deep,16.13,0.16,4.41,0.51,-15.3,0.56,4.74,0.19,13.26,0.64,11.91,0.12,12.12,0.78,12.21,0.08,12.97,0.2,16.8,0.04,,0.07,-0.29,0.32,NA,NA,NA,NA,NA,NA,NA,NA,NA,NA,NA,NA,NA,NA,NA,NA,NA,NA,NA,NA,NA,NA,NA,NA,NA,NA
KM1407 T2 N4 S0.2 re,Hannides 2020,100,500,Winter 2014,ALOHA,Day,Offshore Deep,18.43,0.67,5.56,0.27,-14.87,0.3,7.14,0.6,14.7,0.77,12.85,0.55,13.18,0.2,11.9,0.17,12.44,0.13,16.33,0.24,-2.26,0.25,-0.39,0.4,NA,NA,NA,NA,NA,NA,NA,NA,NA,NA,NA,NA,NA,NA,NA,NA,NA,NA,NA,NA,NA,NA,NA,NA,NA,NA
KM1407 T5 N4 S0.2,Hannides 2020,100,500,Winter 2014,ALOHA,Day,Offshore Deep,13.7,0.22,3.84,0.36,-15.92,0.7,4.02,0.21,13.06,0.38,9.77,0.2,12.83,0.8,9.48,0.08,10.57,0.14,15.47,0.33,-2.7,0.27,0.45,0.34,NA,NA,NA,NA,NA,NA,NA,NA,NA,NA,NA,NA,NA,NA,NA,NA,NA,NA,NA,NA,NA,NA,NA,NA,NA,NA
KM1407 T2 N4 S1,Hannides 2020,100,500,Winter 2014,ALOHA,Day,Offshore Deep,14.56,0.14,0.85,0.28,-14.42,0.26,3.19,0.13,12.59,0.17,9.65,0.33,9.27,0.62,9.26,0.48,10.77,0.09,14.55,0.15,-2.18,0.13,-0.02,0.26,NA,NA,NA,NA,NA,NA,NA,NA,NA,NA,NA,NA,NA,NA,NA,NA,NA,NA,NA,NA,NA,NA,NA,NA,NA,NA
KM1407 T5 N4 S1,Hannides 2020,100,500,Winter 2014,ALOHA,Day,Offshore Deep,13.82,0.27,0.97,0.11,-14.21,0.41,3.41,0.28,12.75,0.69,8.42,0.28,9.45,0.46,7.49,0.2,9.8,0.13,13.83,0.2,-2.4,0.56,-0.06,0.33,NA,NA,NA,NA,NA,NA,NA,NA,NA,NA,NA,NA,NA,NA,NA,NA,NA,NA,NA,NA,NA,NA,NA,NA,NA,NA
KM1407 T2 N2 S0.2,Hannides 2020,100,1000,Winter 2014,ALOHA,Day,Offshore Deep,19.58,0.2,2.92,0.21,-20.22,0.64,6.87,0.66,16.53,0.65,15.61,0.3,15.08,0.87,13.65,0.67,14.19,0.68,19.19,0.78,-0.26,0.97,1.97,0.86,NA,NA,NA,NA,NA,NA,NA,NA,NA,NA,NA,NA,NA,NA,NA,NA,NA,NA,NA,NA,NA,NA,NA,NA,NA,NA
KM1407 T5 N2 S0.2,Hannides 2020,100,1000,Winter 2014,ALOHA,Day,Offshore Deep,18.75,0.29,6.66,0.27,-17.04,0.79,8.3,0.62,17.66,0.93,15.55,0.29,15.57,0.52,15.37,0.03,14.26,0.14,18.95,0.64,-0.58,0.85,2.99,0.47,NA,NA,NA,NA,NA,NA,NA,NA,NA,NA,NA,NA,NA,NA,NA,NA,NA,NA,NA,NA,NA,NA,NA,NA,NA,NA
KM1407 T2 N2 S1,Hannides 2020,100,1000,Winter 2014,ALOHA,Day,Offshore Deep,19.64,0.24,3.6,0.41,-18.31,0.15,6.09,0.35,15.06,0.47,14.19,0.32,15.06,0.55,14.64,0.11,15.32,0.1,19.64,0.28,-0.29,0.32,2.49,0.34,NA,NA,NA,NA,NA,NA,NA,NA,NA,NA,NA,NA,NA,NA,NA,NA,NA,NA,NA,NA,NA,NA,NA,NA,NA,NA
KM1407 T5 N2 S1,Hannides 2020,100,1000,Winter 2014,ALOHA,Day,Offshore Deep,18.75,0.2,5,0.21,-17.71,0.77,7.03,0.34,15.5,0.66,14.49,0.17,13.98,0.47,14.34,0.26,14.18,0.46,18.37,0.23,-0.69,0.66,2.2,0.23,NA,NA,NA,NA,NA,NA,NA,NA,NA,NA,NA,NA,NA,NA,NA,NA,NA,NA,NA,NA,NA,NA,NA,NA,NA,NA
KM1407 T2 N1 S0.2,Hannides 2020,100,1500,Winter 2014,ALOHA,Day,Offshore Deep,20.42,0.19,8.76,0.75,-15.5,0.48,9.71,0.86,17.44,0.93,18.48,0.63,19.21,0.63,16.62,0.2,15.96,0.35,19.49,0.5,0.73,0.76,5.02,0.65,NA,NA,NA,NA,NA,NA,NA,NA,NA,NA,NA,NA,NA,NA,NA,NA,NA,NA,NA,NA,NA,NA,NA,NA,NA,NA
KM1407 T5 N1 S0.2,Hannides 2020,100,1500,Winter 2014,ALOHA,Day,Offshore Deep,21.94,0.37,9.12,0.83,-18.07,0.47,10.66,0.6,14.51,0.29,19.11,0.4,17.13,0.88,15.85,0.41,15.05,0.23,19.13,0.47,1.2,0.69,4.88,0.74,NA,NA,NA,NA,NA,NA,NA,NA,NA,NA,NA,NA,NA,NA,NA,NA,NA,NA,NA,NA,NA,NA,NA,NA,NA,NA
KM1407 T2 N1 S1,Hannides 2020,100,1500,Winter 2014,ALOHA,Day,Offshore Deep,20.16,0.18,7.23,0.75,-19.65,0.55,7.75,0.74,14.93,0.77,15.66,0.45,16.54,0.86,17.9,0.71,14.81,0.57,18.38,0.73,0.94,0.31,2.52,0.76,NA,NA,NA,NA,NA,NA,NA,NA,NA,NA,NA,NA,NA,NA,NA,NA,NA,NA,NA,NA,NA,NA,NA,NA,NA,NA
KM1407 T5 N1 S1,Hannides 2020,100,1500,Winter 2014,ALOHA,Day,Offshore Deep,19.92,0.05,6.66,0.44,-19.73,0.92,7.95,0.26,15.44,0.53,15.35,0.25,15.49,0.46,16.1,0.24,15.32,0.14,19.34,0.24,0.66,0.7,1.96,0.28,NA,NA,NA,NA,NA,NA,NA,NA,NA,NA,NA,NA,NA,NA,NA,NA,NA,NA,NA,NA,NA,NA,NA,NA,NA,NA
KM1407 T3 N9 S0.2,Hannides 2020,100,50,Winter 2014,ALOHA,Night,Offshore Surface,8.73,0.39,1.23,0.25,-11.13,0.53,2.2,0.46,8.24,0.63,5.73,0.17,6.31,0.48,5.55,0.31,6.18,0.22,9.48,0.16,-4.48,0.43,-2.6,0.51,NA,NA,NA,NA,NA,NA,NA,NA,NA,NA,NA,NA,NA,NA,NA,NA,NA,NA,NA,NA,NA,NA,NA,NA,NA,NA
KM1407 T4 N9 S0.2,Hannides 2020,100,50,Winter 2014,ALOHA,Night,Offshore Surface,8.22,0.15,0.31,0.22,-11.37,0.32,1.45,0.33,8.04,0.47,5.45,0.23,4.94,0.17,6.07,0.14,5.62,0.11,9.47,0.27,-4.48,0.45,-1.01,0.27,NA,NA,NA,NA,NA,NA,NA,NA,NA,NA,NA,NA,NA,NA,NA,NA,NA,NA,NA,NA,NA,NA,NA,NA,NA,NA
KM1407 T3 N9 S1,Hannides 2020,100,50,Winter 2014,ALOHA,Night,Offshore Surface,12.34,0.33,1.48,0.53,-12.58,0.41,2.93,0.51,10.32,0.58,7.26,0.39,7.89,0.81,6.51,0.31,8.15,0.25,10.95,0.19,-4.52,0.39,-2.31,0.39,NA,NA,NA,NA,NA,NA,NA,NA,NA,NA,NA,NA,NA,NA,NA,NA,NA,NA,NA,NA,NA,NA,NA,NA,NA,NA
KM1407 T4 N9 S1,Hannides 2020,100,50,Winter 2014,ALOHA,Night,Offshore Surface,12.72,0.4,0.96,0.32,-13.22,0.57,3.17,0.7,10.75,0.3,7.33,0.46,8.36,0.46,7.7,0.16,8.81,0.31,12.06,0.09,-3.77,0.26,-0.5,0.33,NA,NA,NA,NA,NA,NA,NA,NA,NA,NA,NA,NA,NA,NA,NA,NA,NA,NA,NA,NA,NA,NA,NA,NA,NA,NA
KM1407 T3 N7 S0.2,Hannides 2020,100,150,Winter 2014,ALOHA,Night,Offshore Surface,10.19,0.22,1.36,0.18,-12.42,0.6,2.41,0.31,8.64,0.29,7.59,0.27,7.82,0.52,6.77,0.14,7.1,0.2,11.26,0.34,-3.29,0.39,-0.67,0.23,NA,NA,NA,NA,NA,NA,NA,NA,NA,NA,NA,NA,NA,NA,NA,NA,NA,NA,NA,NA,NA,NA,NA,NA,NA,NA
KM1407 T4 N7 S0.2,Hannides 2020,100,150,Winter 2014,ALOHA,Night,Offshore Surface,9.44,0.23,0.5,0.37,-12.42,0.31,1.51,0.52,7.61,0.6,7.33,0.32,7.57,0.67,7.44,0.24,8.17,0.25,11.19,0.35,-3.69,0.79,-0.29,0.6,NA,NA,NA,NA,NA,NA,NA,NA,NA,NA,NA,NA,NA,NA,NA,NA,NA,NA,NA,NA,NA,NA,NA,NA,NA,NA
KM1407 T3 N7 S1,Hannides 2020,100,150,Winter 2014,ALOHA,Night,Offshore Surface,15.74,0.24,1.45,0.79,-13.83,0.14,3.9,0.47,11.85,0.57,10.28,0.18,11.75,0.48,9.24,0.18,11.13,0.13,14.87,0.27,-3.45,0.74,0.01,0.59,NA,NA,NA,NA,NA,NA,NA,NA,NA,NA,NA,NA,NA,NA,NA,NA,NA,NA,NA,NA,NA,NA,NA,NA,NA,NA
KM1407 T4 N7 S1,Hannides 2020,100,150,Winter 2014,ALOHA,Night,Offshore Surface,15.33,0.18,1.95,0.39,-13.42,0.52,4.32,0.14,13.13,0.87,8.87,0.06,8.29,0.46,7.85,0.22,9.92,0.38,13.76,0.45,-3.27,0.67,-0.58,0.14,NA,NA,NA,NA,NA,NA,NA,NA,NA,NA,NA,NA,NA,NA,NA,NA,NA,NA,NA,NA,NA,NA,NA,NA,NA,NA
KM1407 T3 N4 S0.2,Hannides 2020,100,500,Winter 2014,ALOHA,Night,Offshore Deep,18.61,0.15,6.05,0.14,-17.72,0.12,6.78,0.33,17.36,0.3,14.76,0.18,16.61,0.41,13.33,0.13,14.58,0.1,18.29,0.04,-1.36,0.28,0.75,0.33,NA,NA,NA,NA,NA,NA,NA,NA,NA,NA,NA,NA,NA,NA,NA,NA,NA,NA,NA,NA,NA,NA,NA,NA,NA,NA
KM1407 T4 N4 S0.2,Hannides 2020,100,500,Winter 2014,ALOHA,Night,Offshore Deep,16.14,0.41,3.87,0.25,-11.74,0.4,4.36,0.77,12.95,0.79,12.01,0.3,12.5,0.41,11.94,0.22,11.65,0.18,15.39,0.17,-0.86,0.28,1.66,0.25,NA,NA,NA,NA,NA,NA,NA,NA,NA,NA,NA,NA,NA,NA,NA,NA,NA,NA,NA,NA,NA,NA,NA,NA,NA,NA
KM1407 T3 N4 S1,Hannides 2020,100,500,Winter 2014,ALOHA,Night,Offshore Deep,16.5,0.3,4.24,0.14,-16.15,0.41,5.24,0.18,15.01,0.4,11.47,0.04,13.64,0.49,11.12,0.4,12.3,0.26,16.28,0.42,-1.15,0.23,0.16,0.21,NA,NA,NA,NA,NA,NA,NA,NA,NA,NA,NA,NA,NA,NA,NA,NA,NA,NA,NA,NA,NA,NA,NA,NA,NA,NA
KM1407 T4 N4 S1,Hannides 2020,100,500,Winter 2014,ALOHA,Night,Offshore Deep,17.6,0.5,3.6,0.51,-15.49,0.7,4.74,0.48,13.62,0.75,11.83,0.41,12.87,0.62,11.99,0.29,13.8,0.34,17.2,0.14,-1.26,0.32,1.39,0.66,NA,NA,NA,NA,NA,NA,NA,NA,NA,NA,NA,NA,NA,NA,NA,NA,NA,NA,NA,NA,NA,NA,NA,NA,NA,NA
KM1407 T4 N2 S0.2,Hannides 2020,100,1000,Winter 2014,ALOHA,Night,Offshore Deep,19.98,0.18,7.9,0.37,-18.05,0.48,10.62,0.48,20.04,0.47,16,0.32,17.09,0.41,14.43,0.24,14.55,0.33,19.06,0.72,0.48,0.58,4.22,0.65,NA,NA,NA,NA,NA,NA,NA,NA,NA,NA,NA,NA,NA,NA,NA,NA,NA,NA,NA,NA,NA,NA,NA,NA,NA,NA
KM1407 T3 N2 S1,Hannides 2020,100,1000,Winter 2014,ALOHA,Night,Offshore Deep,19.49,0.54,6.2,0.55,-20.21,0.42,7.51,0.17,17.53,0.42,14.17,0.31,15.82,0.69,14.9,0.22,15.51,0.19,19.73,0.37,0.09,0.16,2.86,0.39,NA,NA,NA,NA,NA,NA,NA,NA,NA,NA,NA,NA,NA,NA,NA,NA,NA,NA,NA,NA,NA,NA,NA,NA,NA,NA
KM1407 T4 N2 S1,Hannides 2020,100,1000,Winter 2014,ALOHA,Night,Offshore Deep,19.88,0.32,5.66,0.37,-19.47,0.38,8.79,0.2,16.33,0.67,15.63,0.24,16.06,0.77,16.64,0.1,15.04,0.27,19.37,0.04,0.76,0.49,2.13,0.2,NA,NA,NA,NA,NA,NA,NA,NA,NA,NA,NA,NA,NA,NA,NA,NA,NA,NA,NA,NA,NA,NA,NA,NA,NA,NA
KM1407 T3 N1 S0.2,Hannides 2020,100,1500,Winter 2014,ALOHA,Night,Offshore Deep,21.93,0.31,9.81,0.64,-15.5,0.66,9.96,0.96,20.12,0.58,19.01,0.35,21.02,0.49,16.19,0.27,16.39,0.54,19.74,0.75,0.96,0.41,4.51,0.84,NA,NA,NA,NA,NA,NA,NA,NA,NA,NA,NA,NA,NA,NA,NA,NA,NA,NA,NA,NA,NA,NA,NA,NA,NA,NA
KM1407 T4 N1 S0.2,Hannides 2020,100,1500,Winter 2014,ALOHA,Night,Offshore Deep,21.33,0.19,9.78,0.2,-17.09,0.39,9.61,0.75,19.7,0.41,18.53,0.15,20.38,0.08,15.57,0.19,15.34,0.34,19.21,0.45,0.91,0.51,4.92,0.7,NA,NA,NA,NA,NA,NA,NA,NA,NA,NA,NA,NA,NA,NA,NA,NA,NA,NA,NA,NA,NA,NA,NA,NA,NA,NA
KM1407 T3 N1 S1,Hannides 2020,100,1500,Winter 2014,ALOHA,Night,Offshore Deep,20.51,0.2,8.72,0.33,-20.69,0.52,9.62,0.57,19.91,0.4,16.21,0.29,18.25,0.6,17.26,0.21,16.29,0.24,20.43,0.47,0.14,0.22,1.66,0.68,NA,NA,NA,NA,NA,NA,NA,NA,NA,NA,NA,NA,NA,NA,NA,NA,NA,NA,NA,NA,NA,NA,NA,NA,NA,NA
KM1407 T4 N1 S1,Hannides 2020,100,1500,Winter 2014,ALOHA,Night,Offshore Deep,19.55,0.34,7.5,0.58,-19.74,0.81,7.98,0.07,18.54,0.86,16.45,0.47,16.64,0.6,15.83,0.93,15.19,0.81,18.51,1.01,0.34,0.3,1.7,0.82,NA,NA,NA,NA,NA,NA,NA,NA,NA,NA,NA,NA,NA,NA,NA,NA,NA,NA,NA,NA,NA,NA,NA,NA,NA,NA
KM1418 T6 N9 S0.2,Hannides 2020,100,50,Summer 2014,ALOHA,Day,Offshore Surface,9,0.39,2.27,0.18,-8.84,0.64,2.71,0.28,8,0.55,4.72,0.09,5.33,0.57,4.59,0.24,5.87,0.15,8.4,0.3,-3.91,0.56,-1.87,0.12,NA,NA,NA,NA,NA,NA,NA,NA,NA,NA,NA,NA,NA,NA,NA,NA,NA,NA,NA,NA,NA,NA,NA,NA,NA,NA
KM1418 T10 N9 S0.2,Hannides 2020,100,50,Summer 2014,ALOHA,Day,Offshore Surface,9.68,0.1,2.32,0.19,-10.81,0.38,1.12,0.57,9.13,0.77,4.59,0.22,4.9,0.16,4.48,0.09,6.31,0.17,9.04,0.07,-2.94,0.38,-1.97,0.57,NA,NA,NA,NA,NA,NA,NA,NA,NA,NA,NA,NA,NA,NA,NA,NA,NA,NA,NA,NA,NA,NA,NA,NA,NA,NA
KM1418 T6 N9 S1,Hannides 2020,100,50,Summer 2014,ALOHA,Day,Offshore Surface,12.56,0.22,1.36,0.17,-11.68,0.55,3.12,0.24,10.51,0.36,7.33,0.07,8.07,0.12,5.8,0.11,8,0.22,10.67,0.46,-3.65,0.37,-1.75,0.16,NA,NA,NA,NA,NA,NA,NA,NA,NA,NA,NA,NA,NA,NA,NA,NA,NA,NA,NA,NA,NA,NA,NA,NA,NA,NA
KM1418 T10 N9 S1,Hannides 2020,100,50,Summer 2014,ALOHA,Day,Offshore Surface,14.89,0.33,2.26,0.09,-12,0.39,3.57,0.2,12.05,0.35,8.68,0.1,9.19,0.2,7.97,0.22,10.12,0.08,12.42,0.17,-2.99,0.63,-1.89,0.22,NA,NA,NA,NA,NA,NA,NA,NA,NA,NA,NA,NA,NA,NA,NA,NA,NA,NA,NA,NA,NA,NA,NA,NA,NA,NA
KM1418 T6 N7 S0.2,Hannides 2020,100,150,Summer 2014,ALOHA,Day,Offshore Surface,11.18,0.24,2.33,0.17,-12.27,0.52,3.76,0.28,11.53,0.29,8.55,0.36,8.26,0.09,7.8,0.16,8.24,0.6,11.93,0.4,-2.93,0.28,0.58,0.8,NA,NA,NA,NA,NA,NA,NA,NA,NA,NA,NA,NA,NA,NA,NA,NA,NA,NA,NA,NA,NA,NA,NA,NA,NA,NA
KM1418 T10 N7 S0.2,Hannides 2020,100,150,Summer 2014,ALOHA,Day,Offshore Surface,12.64,0.1,2.52,0.15,-11.38,0.55,2.45,0.08,9.45,0.47,8.48,0.17,8.48,0.43,7.75,0.22,8.59,0.21,10.91,0.13,-2.77,0.25,-0.52,0.5,NA,NA,NA,NA,NA,NA,NA,NA,NA,NA,NA,NA,NA,NA,NA,NA,NA,NA,NA,NA,NA,NA,NA,NA,NA,NA
KM1418 T6 N7 S1,Hannides 2020,100,150,Summer 2014,ALOHA,Day,Offshore Surface,15.12,0.14,0.02,0.33,-15.11,0.68,3.93,0.15,13.23,0.63,9.29,0.27,10.1,0.31,9.47,0.16,10.31,0.36,13.9,0.13,-2.68,0.04,-0.47,0.37,NA,NA,NA,NA,NA,NA,NA,NA,NA,NA,NA,NA,NA,NA,NA,NA,NA,NA,NA,NA,NA,NA,NA,NA,NA,NA
KM1418 T10 N7 S1,Hannides 2020,100,150,Summer 2014,ALOHA,Day,Offshore Surface,14.98,0.14,1.41,0.72,-12.02,0.36,3.66,0.74,10.78,0.27,9.06,0.31,9.68,0.51,8.29,0.42,9.58,0.37,11.51,0.25,-2.61,0.62,-2.27,0.47,NA,NA,NA,NA,NA,NA,NA,NA,NA,NA,NA,NA,NA,NA,NA,NA,NA,NA,NA,NA,NA,NA,NA,NA,NA,NA
KM1418 T6 N4 S0.2,Hannides 2020,100,500,Summer 2014,ALOHA,Day,Offshore Deep,13.21,0.22,3.75,0.19,-10.98,0.31,5.27,0.58,11.93,0.4,10.31,0.2,10.17,0.24,8.65,0.06,9.86,0.37,12.31,0.25,-2.03,0.72,-0.4,0.92,NA,NA,NA,NA,NA,NA,NA,NA,NA,NA,NA,NA,NA,NA,NA,NA,NA,NA,NA,NA,NA,NA,NA,NA,NA,NA
KM1418 T10 N4 S0.2,Hannides 2020,100,500,Summer 2014,ALOHA,Day,Offshore Deep,17.38,0.17,3.56,0.23,-14.42,0.43,4.29,0.67,14.44,0.67,10.54,0.15,12.1,0.41,8.86,0.11,11.41,0.26,14.51,0.29,-2.4,0.06,-0.93,0.43,NA,NA,NA,NA,NA,NA,NA,NA,NA,NA,NA,NA,NA,NA,NA,NA,NA,NA,NA,NA,NA,NA,NA,NA,NA,NA
KM1418 T6 N4 S1,Hannides 2020,100,500,Summer 2014,ALOHA,Day,Offshore Deep,16.31,0.13,3.76,0.51,-12.15,0.61,5.49,0.08,15.36,0.55,11.17,0.31,11.62,0.27,9.9,0.07,11.69,0.18,15.35,0.35,-2.27,0.29,0.87,0.31,NA,NA,NA,NA,NA,NA,NA,NA,NA,NA,NA,NA,NA,NA,NA,NA,NA,NA,NA,NA,NA,NA,NA,NA,NA,NA
KM1418 T10 N4 S1,Hannides 2020,100,500,Summer 2014,ALOHA,Day,Offshore Deep,14.35,0.19,4.86,0.12,-13.09,0.53,3.72,0.52,13.22,0.31,10.28,0.2,11.46,0.43,8.25,0.09,10.1,0.09,13.29,0.21,-2.36,0.26,-0.83,0.29,NA,NA,NA,NA,NA,NA,NA,NA,NA,NA,NA,NA,NA,NA,NA,NA,NA,NA,NA,NA,NA,NA,NA,NA,NA,NA
KM1418 T6 N2 S0.2,Hannides 2020,100,1000,Summer 2014,ALOHA,Day,Offshore Deep,16.41,0.33,4,0.26,-15.06,0.21,7.04,0.55,17.11,0.66,13.81,0.12,12.87,0.62,12.44,0.17,11.96,0.28,14.08,0.41,0.39,0.29,2.21,0.15,NA,NA,NA,NA,NA,NA,NA,NA,NA,NA,NA,NA,NA,NA,NA,NA,NA,NA,NA,NA,NA,NA,NA,NA,NA,NA
KM1418 T10 N2 S0.2,Hannides 2020,100,1000,Summer 2014,ALOHA,Day,Offshore Deep,18.09,0.64,6.46,0.22,-13.36,0.57,8.08,0.77,17.6,0.67,14.69,0.8,14.43,0.61,13.99,0.26,12.66,0.34,14.35,0.18,0.64,0.41,1.6,0.55,NA,NA,NA,NA,NA,NA,NA,NA,NA,NA,NA,NA,NA,NA,NA,NA,NA,NA,NA,NA,NA,NA,NA,NA,NA,NA
KM1418 T6 N2 S1,Hannides 2020,100,1000,Summer 2014,ALOHA,Day,Offshore Deep,17.64,0.2,4.07,0.07,-18.4,0.62,6.83,0.53,18.98,0.75,13.69,0.29,12.3,0.32,13.25,0.32,13.34,0.17,17.3,0.19,-1.56,0.34,2.58,0.52,NA,NA,NA,NA,NA,NA,NA,NA,NA,NA,NA,NA,NA,NA,NA,NA,NA,NA,NA,NA,NA,NA,NA,NA,NA,NA
KM1418 T10 N2 S1,Hannides 2020,100,1000,Summer 2014,ALOHA,Day,Offshore Deep,17.66,0.1,5.29,0.06,-19.08,0.48,6.12,0.65,16.75,0.58,13.19,0.15,13.52,0.6,11.71,0.08,12.91,0.42,16.26,0.32,-2.22,0.38,-0.81,0.18,NA,NA,NA,NA,NA,NA,NA,NA,NA,NA,NA,NA,NA,NA,NA,NA,NA,NA,NA,NA,NA,NA,NA,NA,NA,NA
KM1418 T6 N1 S0.2,Hannides 2020,100,1500,Summer 2014,ALOHA,Day,Offshore Deep,20.7,0.58,9.07,0.23,-16.57,0.72,7.72,0.12,18.87,0.14,17.21,0.76,16.99,0.36,13.59,0.11,13.3,0.19,15.48,0.21,0.76,0.08,4,0.41,NA,NA,NA,NA,NA,NA,NA,NA,NA,NA,NA,NA,NA,NA,NA,NA,NA,NA,NA,NA,NA,NA,NA,NA,NA,NA
KM1418 T10 N1 S0.2,Hannides 2020,100,1500,Summer 2014,ALOHA,Day,Offshore Deep,19.58,0.51,8.41,0.21,-18.17,0.54,7.16,0.68,19.25,0.78,15.76,0.45,15.84,0.55,12.85,0.28,12.94,0.52,14.41,0.59,-0.62,0.22,2.15,0.63,NA,NA,NA,NA,NA,NA,NA,NA,NA,NA,NA,NA,NA,NA,NA,NA,NA,NA,NA,NA,NA,NA,NA,NA,NA,NA
KM1418 T6 N1 S1,Hannides 2020,100,1500,Summer 2014,ALOHA,Day,Offshore Deep,21.07,0.16,8.05,0.17,-20.54,0.11,9.51,0.08,19.81,0.38,15.91,0.14,17.12,0.52,15.41,0.15,14.72,0.04,18.94,0.13,-2.31,0.51,1.63,0.13,NA,NA,NA,NA,NA,NA,NA,NA,NA,NA,NA,NA,NA,NA,NA,NA,NA,NA,NA,NA,NA,NA,NA,NA,NA,NA
KM1418 T10 N1 S1,Hannides 2020,100,1500,Summer 2014,ALOHA,Day,Offshore Deep,20.07,0.89,6.75,0.87,-19.89,0.59,8.01,0.96,18.3,0.99,14.99,0.87,15.74,0.82,13.77,0.83,14.69,0.57,17.53,0.36,-2.13,0.15,-0.36,0.41,NA,NA,NA,NA,NA,NA,NA,NA,NA,NA,NA,NA,NA,NA,NA,NA,NA,NA,NA,NA,NA,NA,NA,NA,NA,NA
KM1418 T7 N9 S0.2,Hannides 2020,100,50,Summer 2014,ALOHA,Night,Offshore Surface,9.97,0.23,3.57,0.09,-9.99,0.4,2.17,0.22,9.11,0.64,5.93,0.24,7.4,0.36,4.67,0.2,5.96,0.17,8.64,0.15,-2.82,0.69,-2.43,0.6,NA,NA,NA,NA,NA,NA,NA,NA,NA,NA,NA,NA,NA,NA,NA,NA,NA,NA,NA,NA,NA,NA,NA,NA,NA,NA
KM1418 T8 N9 S0.2,Hannides 2020,100,50,Summer 2014,ALOHA,Night,Offshore Surface,9.72,0.37,1.38,0.17,-12.34,0.63,1.58,0.23,9.16,0.51,5.35,0.12,5.95,0.16,4.15,0.56,5.83,0.05,7.94,0.44,-2.75,0.45,-2.26,0.43,NA,NA,NA,NA,NA,NA,NA,NA,NA,NA,NA,NA,NA,NA,NA,NA,NA,NA,NA,NA,NA,NA,NA,NA,NA,NA
KM1418 T7 N9 S1,Hannides 2020,100,50,Summer 2014,ALOHA,Night,Offshore Surface,12.95,0.22,3.03,0.23,-12.34,0.28,2.62,0.18,10.73,0.53,7.75,0.02,8.45,0.75,7.07,0.17,8.07,0.12,11.13,0.34,-2.85,0.16,-1.59,0.18,NA,NA,NA,NA,NA,NA,NA,NA,NA,NA,NA,NA,NA,NA,NA,NA,NA,NA,NA,NA,NA,NA,NA,NA,NA,NA
KM1418 T8 N9 S1,Hannides 2020,100,50,Summer 2014,ALOHA,Night,Offshore Surface,12.22,0.35,1.58,0.22,-12.51,0.53,2.04,0.29,10.31,0.28,6.69,0.21,7.14,0.37,5.57,0.16,7.56,0.12,10.44,0.1,-3.24,0.52,-2.71,0.41,NA,NA,NA,NA,NA,NA,NA,NA,NA,NA,NA,NA,NA,NA,NA,NA,NA,NA,NA,NA,NA,NA,NA,NA,NA,NA
KM1418 T8 N7 S0.2,Hannides 2020,100,150,Summer 2014,ALOHA,Night,Offshore Surface,12.36,0.23,2.65,0.12,-12.83,0.44,3.28,0.3,12.12,0.57,8.56,0.13,9.31,0.41,6.73,0.02,8.86,0.02,11.93,0.1,-1.73,0.31,-0.78,0.21,NA,NA,NA,NA,NA,NA,NA,NA,NA,NA,NA,NA,NA,NA,NA,NA,NA,NA,NA,NA,NA,NA,NA,NA,NA,NA
KM1418 T9 N7 S0.2,Hannides 2020,100,150,Summer 2014,ALOHA,Night,Offshore Surface,10.92,0.15,2.84,0.4,-11.28,0.54,3,0.54,11.71,0.11,8.43,0.22,9.5,0.73,6.49,0.16,8.41,0.06,12.43,0.37,-2.09,0.13,-0.66,0.26,NA,NA,NA,NA,NA,NA,NA,NA,NA,NA,NA,NA,NA,NA,NA,NA,NA,NA,NA,NA,NA,NA,NA,NA,NA,NA
KM1418 T8 N7 S1,Hannides 2020,100,150,Summer 2014,ALOHA,Night,Offshore Surface,16.51,0.38,2.73,0.3,-12.18,0.57,4.72,0.62,14.52,0.65,10.46,0.24,10.37,0.49,9.76,0.45,11.15,0.32,14.78,0.09,-2.15,0.17,-0.6,0.17,NA,NA,NA,NA,NA,NA,NA,NA,NA,NA,NA,NA,NA,NA,NA,NA,NA,NA,NA,NA,NA,NA,NA,NA,NA,NA
KM1418 T9 N7 S1,Hannides 2020,100,150,Summer 2014,ALOHA,Night,Offshore Surface,15.59,0.16,2.68,0.19,-13.85,0.58,4.35,0.32,13.66,0.59,9.83,0.05,10.28,0.58,8.38,0.29,11.03,0.35,15.25,0.15,-2.9,0.45,-0.45,0.81,NA,NA,NA,NA,NA,NA,NA,NA,NA,NA,NA,NA,NA,NA,NA,NA,NA,NA,NA,NA,NA,NA,NA,NA,NA,NA
KM1418 T7 N4 S0.2 re,Hannides 2020,100,500,Summer 2014,ALOHA,Night,Offshore Deep,14.71,0.63,5.07,0.93,-13.46,0.16,3.16,0.61,15.65,0.98,11.46,0.21,12.44,0.88,8.91,0.21,9.76,0.13,13.86,0.3,-1.97,0.47,-0.89,0.43,NA,NA,NA,NA,NA,NA,NA,NA,NA,NA,NA,NA,NA,NA,NA,NA,NA,NA,NA,NA,NA,NA,NA,NA,NA,NA
KM1418 T9 N4 S0.2 re,Hannides 2020,100,500,Summer 2014,ALOHA,Night,Offshore Deep,17.56,0.29,5.91,0.17,-14.66,0.26,4.72,0.36,13.08,0.51,11.44,0.21,11.24,0.21,9.7,0.54,9.22,0.66,13.95,0.1,-1.43,0.29,-0.35,0.13,NA,NA,NA,NA,NA,NA,NA,NA,NA,NA,NA,NA,NA,NA,NA,NA,NA,NA,NA,NA,NA,NA,NA,NA,NA,NA
KM1418 T7 N4 S1,Hannides 2020,100,500,Summer 2014,ALOHA,Night,Offshore Deep,16.97,0.39,3.74,0.04,-15.19,0.79,6.04,0.39,15.57,0.34,11.84,0.16,12,0.19,10.22,0.2,12.07,0.2,15.8,0.2,-1.44,0.38,-1.34,0.81,NA,NA,NA,NA,NA,NA,NA,NA,NA,NA,NA,NA,NA,NA,NA,NA,NA,NA,NA,NA,NA,NA,NA,NA,NA,NA
KM1418 T9 N4 S1,Hannides 2020,100,500,Summer 2014,ALOHA,Night,Offshore Deep,17.13,0.35,4.01,0.04,-17.13,0.31,5.26,0.38,15.45,0.69,12.11,0.11,13.01,0.68,11.4,0.21,12.77,0.16,16.55,0.15,-1.55,0.37,0.01,0.33,NA,NA,NA,NA,NA,NA,NA,NA,NA,NA,NA,NA,NA,NA,NA,NA,NA,NA,NA,NA,NA,NA,NA,NA,NA,NA
KM1418 T7 N2 S0.2,Hannides 2020,100,1000,Summer 2014,ALOHA,Night,Offshore Deep,18.63,0.33,7.62,0.24,-14.73,0.32,7.85,0.4,18.08,0.67,14.55,0.13,13.89,0.56,12.57,0.42,12.02,0.12,13.96,0.46,-1.02,0.37,2.6,0.81,NA,NA,NA,NA,NA,NA,NA,NA,NA,NA,NA,NA,NA,NA,NA,NA,NA,NA,NA,NA,NA,NA,NA,NA,NA,NA
KM1418 T9 N2 S0.2,Hannides 2020,100,1000,Summer 2014,ALOHA,Night,Offshore Deep,17.56,0.28,6.12,0.19,-15.9,0.85,7.43,0.41,15.4,0.69,14.17,0.27,14.23,0.43,13.25,0.5,13.34,0.24,16.1,0.48,0.56,0.66,2.59,0.64,NA,NA,NA,NA,NA,NA,NA,NA,NA,NA,NA,NA,NA,NA,NA,NA,NA,NA,NA,NA,NA,NA,NA,NA,NA,NA
KM1418 T7 N2 S1,Hannides 2020,100,1000,Summer 2014,ALOHA,Night,Offshore Deep,18.19,0.15,6.23,0.27,-17.05,0.37,7.73,0.2,16.41,0.69,13.05,0.27,13.07,0.4,12.96,0.07,13.45,0.12,17.61,0.31,-0.59,0.18,0.43,0.77,NA,NA,NA,NA,NA,NA,NA,NA,NA,NA,NA,NA,NA,NA,NA,NA,NA,NA,NA,NA,NA,NA,NA,NA,NA,NA
KM1418 T9 N2 S1,Hannides 2020,100,1000,Summer 2014,ALOHA,Night,Offshore Deep,19.05,0.3,6.12,0.7,-16.6,0.5,6.85,0.75,15.99,0.48,13.29,0.41,14.03,0.52,13.65,0.23,13.85,0.16,15.08,0.38,-2.88,0.65,-0.06,0.4,NA,NA,NA,NA,NA,NA,NA,NA,NA,NA,NA,NA,NA,NA,NA,NA,NA,NA,NA,NA,NA,NA,NA,NA,NA,NA
KM1418 T7 N1 S0.2,Hannides 2020,100,1500,Summer 2014,ALOHA,Night,Offshore Deep,19,0.21,8.21,0.26,-17.36,0.78,8.02,0.14,18.39,0.19,16.05,0.16,15.54,0.77,14.39,0.32,13.23,0.5,16.89,0.54,0.72,0.4,2.36,0.42,NA,NA,NA,NA,NA,NA,NA,NA,NA,NA,NA,NA,NA,NA,NA,NA,NA,NA,NA,NA,NA,NA,NA,NA,NA,NA
KM1418 T9 N1 S0.2,Hannides 2020,100,1500,Summer 2014,ALOHA,Night,Offshore Deep,18.55,0.14,7.16,0.41,-16.89,0.36,8.58,0.73,18.88,0.67,15.51,0.3,14.95,0.54,14.51,0.05,14.01,0.2,16.46,0.48,-0.27,0.38,2.81,0.31,NA,NA,NA,NA,NA,NA,NA,NA,NA,NA,NA,NA,NA,NA,NA,NA,NA,NA,NA,NA,NA,NA,NA,NA,NA,NA
KM1418 T7 N1 S1,Hannides 2020,100,1500,Summer 2014,ALOHA,Night,Offshore Deep,19.36,0.18,6.89,0.28,-21.01,0.76,9.35,0.37,18.18,0.41,15.42,0.1,15.87,0.56,14.42,0.18,14.1,0.16,18.66,0.49,-1.13,0.39,1.51,0.68,NA,NA,NA,NA,NA,NA,NA,NA,NA,NA,NA,NA,NA,NA,NA,NA,NA,NA,NA,NA,NA,NA,NA,NA,NA,NA
KM1418 T9 N1 S1,Hannides 2020,100,1500,Summer 2014,ALOHA,Night,Offshore Deep,15.45,0.22,6.05,0.13,-20.28,0.62,7.41,0.41,14.56,0.88,13.35,0.2,16.33,0.23,12.94,0.06,12.5,0.11,16.04,0.41,-1.77,0.68,-3.52,0.52,NA,NA,NA,NA,NA,NA,NA,NA,NA,NA,NA,NA,NA,NA,NA,NA,NA,NA,NA,NA,NA,NA,NA,NA,NA,NA